sample,fastq_1,fastq_2
PS1_1,/public/Bio/Bio_data/Armeniaca_Resequencing/JZP202302GM011-01/00raw/PS1_1_1.fq.gz,/public/Bio/Bio_data/Armeniaca_Resequencing/JZP202302GM011-01/00raw/PS1_1_2.fq.gz
PS1_2,/public/Bio/Bio_data/Armeniaca_Resequencing/JZP202302GM011-01/00raw/PS1_2_1.fq.gz,/public/Bio/Bio_data/Armeniaca_Resequencing/JZP202302GM011-01/00raw/PS1_2_2.fq.gz
PS1_3,/public/Bio/Bio_data/Armeniaca_Resequencing/JZP202302GM011-01/00raw/PS1_3_1.fq.gz,/public/Bio/Bio_data/Armeniaca_Resequencing/JZP202302GM011-01/00raw/PS1_3_2.fq.gz
PS1_4,/public/Bio/Bio_data/Armeniaca_Resequencing/JZP202302GM011-01/00raw/PS1_4_1.fq.gz,/public/Bio/Bio_data/Armeniaca_Resequencing/JZP202302GM011-01/00raw/PS1_4_2.fq.gz
PS1_5,/public/Bio/Bio_data/Armeniaca_Resequencing/JZP202302GM011-01/00raw/PS1_5_1.fq.gz,/public/Bio/Bio_data/Armeniaca_Resequencing/JZP202302GM011-01/00raw/PS1_5_2.fq.gz
PS1_6,/public/Bio/Bio_data/Armeniaca_Resequencing/JZP202302GM011-01/00raw/PS1_6_1.fq.gz,/public/Bio/Bio_data/Armeniaca_Resequencing/JZP202302GM011-01/00raw/PS1_6_2.fq.gz
PS1_7,/public/Bio/Bio_data/Armeniaca_Resequencing/JZP202302GM011-01/00raw/PS1_7_1.fq.gz,/public/Bio/Bio_data/Armeniaca_Resequencing/JZP202302GM011-01/00raw/PS1_7_2.fq.gz
PS1_8,/public/Bio/Bio_data/Armeniaca_Resequencing/JZP202302GM011-01/00raw/PS1_8_1.fq.gz,/public/Bio/Bio_data/Armeniaca_Resequencing/JZP202302GM011-01/00raw/PS1_8_2.fq.gz
PS1_9,/public/Bio/Bio_data/Armeniaca_Resequencing/JZP202302GM011-01/00raw/PS1_9_1.fq.gz,/public/Bio/Bio_data/Armeniaca_Resequencing/JZP202302GM011-01/00raw/PS1_9_2.fq.gz
PS1_10,/public/Bio/Bio_data/Armeniaca_Resequencing/JZP202302GM011-01/00raw/PS1_10_1.fq.gz,/public/Bio/Bio_data/Armeniaca_Resequencing/JZP202302GM011-01/00raw/PS1_10_2.fq.gz
PS1_11,/public/Bio/Bio_data/Armeniaca_Resequencing/JZP202302GM011-01/00raw/PS1_11_1.fq.gz,/public/Bio/Bio_data/Armeniaca_Resequencing/JZP202302GM011-01/00raw/PS1_11_2.fq.gz
PS1_12,/public/Bio/Bio_data/Armeniaca_Resequencing/JZP202302GM011-01/00raw/PS1_12_1.fq.gz,/public/Bio/Bio_data/Armeniaca_Resequencing/JZP202302GM011-01/00raw/PS1_12_2.fq.gz
PS1_13,/public/Bio/Bio_data/Armeniaca_Resequencing/JZP202302GM011-01/00raw/PS1_13_1.fq.gz,/public/Bio/Bio_data/Armeniaca_Resequencing/JZP202302GM011-01/00raw/PS1_13_2.fq.gz
PS1_14,/public/Bio/Bio_data/Armeniaca_Resequencing/JZP202302GM011-01/00raw/PS1_14_1.fq.gz,/public/Bio/Bio_data/Armeniaca_Resequencing/JZP202302GM011-01/00raw/PS1_14_2.fq.gz
PS1_15,/public/Bio/Bio_data/Armeniaca_Resequencing/JZP202302GM011-01/00raw/PS1_15_1.fq.gz,/public/Bio/Bio_data/Armeniaca_Resequencing/JZP202302GM011-01/00raw/PS1_15_2.fq.gz
PS2_1,/public/Bio/Bio_data/Armeniaca_Resequencing/JZP202302GM011-01/00raw/PS2_1_1.fq.gz,/public/Bio/Bio_data/Armeniaca_Resequencing/JZP202302GM011-01/00raw/PS2_1_2.fq.gz
PS2_2,/public/Bio/Bio_data/Armeniaca_Resequencing/JZP202302GM011-01/00raw/PS2_2_1.fq.gz,/public/Bio/Bio_data/Armeniaca_Resequencing/JZP202302GM011-01/00raw/PS2_2_2.fq.gz
PS2_3,/public/Bio/Bio_data/Armeniaca_Resequencing/JZP202302GM011-01/00raw/PS2_3_1.fq.gz,/public/Bio/Bio_data/Armeniaca_Resequencing/JZP202302GM011-01/00raw/PS2_3_2.fq.gz
PS2_4,/public/Bio/Bio_data/Armeniaca_Resequencing/JZP202302GM011-01/00raw/PS2_4_1.fq.gz,/public/Bio/Bio_data/Armeniaca_Resequencing/JZP202302GM011-01/00raw/PS2_4_2.fq.gz
PS2_5,/public/Bio/Bio_data/Armeniaca_Resequencing/JZP202302GM011-01/00raw/PS2_5_1.fq.gz,/public/Bio/Bio_data/Armeniaca_Resequencing/JZP202302GM011-01/00raw/PS2_5_2.fq.gz
PS2_6,/public/Bio/Bio_data/Armeniaca_Resequencing/JZP202302GM011-01/00raw/PS2_6_1.fq.gz,/public/Bio/Bio_data/Armeniaca_Resequencing/JZP202302GM011-01/00raw/PS2_6_2.fq.gz
PS2_7,/public/Bio/Bio_data/Armeniaca_Resequencing/JZP202302GM011-01/00raw/PS2_7_1.fq.gz,/public/Bio/Bio_data/Armeniaca_Resequencing/JZP202302GM011-01/00raw/PS2_7_2.fq.gz
PS2_8,/public/Bio/Bio_data/Armeniaca_Resequencing/JZP202302GM011-01/00raw/PS2_8_1.fq.gz,/public/Bio/Bio_data/Armeniaca_Resequencing/JZP202302GM011-01/00raw/PS2_8_2.fq.gz
PS2_9,/public/Bio/Bio_data/Armeniaca_Resequencing/JZP202302GM011-01/00raw/PS2_9_1.fq.gz,/public/Bio/Bio_data/Armeniaca_Resequencing/JZP202302GM011-01/00raw/PS2_9_2.fq.gz
PS2_10,/public/Bio/Bio_data/Armeniaca_Resequencing/JZP202302GM011-01/00raw/PS2_10_1.fq.gz,/public/Bio/Bio_data/Armeniaca_Resequencing/JZP202302GM011-01/00raw/PS2_10_2.fq.gz
PS2_11,/public/Bio/Bio_data/Armeniaca_Resequencing/JZP202302GM011-01/00raw/PS2_11_1.fq.gz,/public/Bio/Bio_data/Armeniaca_Resequencing/JZP202302GM011-01/00raw/PS2_11_2.fq.gz
PS2_12,/public/Bio/Bio_data/Armeniaca_Resequencing/JZP202302GM011-01/00raw/PS2_12_1.fq.gz,/public/Bio/Bio_data/Armeniaca_Resequencing/JZP202302GM011-01/00raw/PS2_12_2.fq.gz
PS2_13,/public/Bio/Bio_data/Armeniaca_Resequencing/JZP202302GM011-01/00raw/PS2_13_1.fq.gz,/public/Bio/Bio_data/Armeniaca_Resequencing/JZP202302GM011-01/00raw/PS2_13_2.fq.gz
PS2_14,/public/Bio/Bio_data/Armeniaca_Resequencing/JZP202302GM011-01/00raw/PS2_14_1.fq.gz,/public/Bio/Bio_data/Armeniaca_Resequencing/JZP202302GM011-01/00raw/PS2_14_2.fq.gz
PS2_15,/public/Bio/Bio_data/Armeniaca_Resequencing/JZP202302GM011-01/00raw/PS2_15_1.fq.gz,/public/Bio/Bio_data/Armeniaca_Resequencing/JZP202302GM011-01/00raw/PS2_15_2.fq.gz
PS2_16,/public/Bio/Bio_data/Armeniaca_Resequencing/JZP202302GM011-01/00raw/PS2_16_1.fq.gz,/public/Bio/Bio_data/Armeniaca_Resequencing/JZP202302GM011-01/00raw/PS2_16_2.fq.gz
PS2_17,/public/Bio/Bio_data/Armeniaca_Resequencing/JZP202302GM011-01/00raw/PS2_17_1.fq.gz,/public/Bio/Bio_data/Armeniaca_Resequencing/JZP202302GM011-01/00raw/PS2_17_2.fq.gz
PS2_18,/public/Bio/Bio_data/Armeniaca_Resequencing/JZP202302GM011-01/00raw/PS2_18_1.fq.gz,/public/Bio/Bio_data/Armeniaca_Resequencing/JZP202302GM011-01/00raw/PS2_18_2.fq.gz
PS2_19,/public/Bio/Bio_data/Armeniaca_Resequencing/JZP202302GM011-01/00raw/PS2_19_1.fq.gz,/public/Bio/Bio_data/Armeniaca_Resequencing/JZP202302GM011-01/00raw/PS2_19_2.fq.gz
PS2_20,/public/Bio/Bio_data/Armeniaca_Resequencing/JZP202302GM011-01/00raw/PS2_20_1.fq.gz,/public/Bio/Bio_data/Armeniaca_Resequencing/JZP202302GM011-01/00raw/PS2_20_2.fq.gz
PS2_21,/public/Bio/Bio_data/Armeniaca_Resequencing/JZP202302GM011-01/00raw/PS2_21_1.fq.gz,/public/Bio/Bio_data/Armeniaca_Resequencing/JZP202302GM011-01/00raw/PS2_21_2.fq.gz
PS2_22,/public/Bio/Bio_data/Armeniaca_Resequencing/JZP202302GM011-01/00raw/PS2_22_1.fq.gz,/public/Bio/Bio_data/Armeniaca_Resequencing/JZP202302GM011-01/00raw/PS2_22_2.fq.gz
PS3_1,/public/Bio/Bio_data/Armeniaca_Resequencing/JZP202302GM011-01/00raw/PS3_1_1.fq.gz,/public/Bio/Bio_data/Armeniaca_Resequencing/JZP202302GM011-01/00raw/PS3_1_2.fq.gz
PS3_2,/public/Bio/Bio_data/Armeniaca_Resequencing/JZP202302GM011-01/00raw/PS3_2_1.fq.gz,/public/Bio/Bio_data/Armeniaca_Resequencing/JZP202302GM011-01/00raw/PS3_2_2.fq.gz
PS3_3,/public/Bio/Bio_data/Armeniaca_Resequencing/JZP202302GM011-01/00raw/PS3_3_1.fq.gz,/public/Bio/Bio_data/Armeniaca_Resequencing/JZP202302GM011-01/00raw/PS3_3_2.fq.gz
PS3_4,/public/Bio/Bio_data/Armeniaca_Resequencing/JZP202302GM011-01/00raw/PS3_4_1.fq.gz,/public/Bio/Bio_data/Armeniaca_Resequencing/JZP202302GM011-01/00raw/PS3_4_2.fq.gz
PS3_5,/public/Bio/Bio_data/Armeniaca_Resequencing/JZP202302GM011-01/00raw/PS3_5_1.fq.gz,/public/Bio/Bio_data/Armeniaca_Resequencing/JZP202302GM011-01/00raw/PS3_5_2.fq.gz
PS3_6,/public/Bio/Bio_data/Armeniaca_Resequencing/JZP202302GM011-01/00raw/PS3_6_1.fq.gz,/public/Bio/Bio_data/Armeniaca_Resequencing/JZP202302GM011-01/00raw/PS3_6_2.fq.gz
PS3_7,/public/Bio/Bio_data/Armeniaca_Resequencing/JZP202302GM011-01/00raw/PS3_7_1.fq.gz,/public/Bio/Bio_data/Armeniaca_Resequencing/JZP202302GM011-01/00raw/PS3_7_2.fq.gz
PS3_8,/public/Bio/Bio_data/Armeniaca_Resequencing/JZP202302GM011-01/00raw/PS3_8_1.fq.gz,/public/Bio/Bio_data/Armeniaca_Resequencing/JZP202302GM011-01/00raw/PS3_8_2.fq.gz
PS4_1,/public/Bio/Bio_data/Armeniaca_Resequencing/JZP202302GM011-01/00raw/PS4_1_1.fq.gz,/public/Bio/Bio_data/Armeniaca_Resequencing/JZP202302GM011-01/00raw/PS4_1_2.fq.gz
PS4_2,/public/Bio/Bio_data/Armeniaca_Resequencing/JZP202302GM011-01/00raw/PS4_2_1.fq.gz,/public/Bio/Bio_data/Armeniaca_Resequencing/JZP202302GM011-01/00raw/PS4_2_2.fq.gz
PS4_3,/public/Bio/Bio_data/Armeniaca_Resequencing/JZP202302GM011-01/00raw/PS4_3_1.fq.gz,/public/Bio/Bio_data/Armeniaca_Resequencing/JZP202302GM011-01/00raw/PS4_3_2.fq.gz
PS4_4,/public/Bio/Bio_data/Armeniaca_Resequencing/JZP202302GM011-01/00raw/PS4_4_1.fq.gz,/public/Bio/Bio_data/Armeniaca_Resequencing/JZP202302GM011-01/00raw/PS4_4_2.fq.gz
PS4_5,/public/Bio/Bio_data/Armeniaca_Resequencing/JZP202302GM011-01/00raw/PS4_5_1.fq.gz,/public/Bio/Bio_data/Armeniaca_Resequencing/JZP202302GM011-01/00raw/PS4_5_2.fq.gz
PS4_6,/public/Bio/Bio_data/Armeniaca_Resequencing/JZP202302GM011-01/00raw/PS4_6_1.fq.gz,/public/Bio/Bio_data/Armeniaca_Resequencing/JZP202302GM011-01/00raw/PS4_6_2.fq.gz
PS4_7,/public/Bio/Bio_data/Armeniaca_Resequencing/JZP202302GM011-01/00raw/PS4_7_1.fq.gz,/public/Bio/Bio_data/Armeniaca_Resequencing/JZP202302GM011-01/00raw/PS4_7_2.fq.gz
PS4_8,/public/Bio/Bio_data/Armeniaca_Resequencing/JZP202302GM011-01/00raw/PS4_8_1.fq.gz,/public/Bio/Bio_data/Armeniaca_Resequencing/JZP202302GM011-01/00raw/PS4_8_2.fq.gz
PS4_9,/public/Bio/Bio_data/Armeniaca_Resequencing/JZP202302GM011-01/00raw/PS4_9_1.fq.gz,/public/Bio/Bio_data/Armeniaca_Resequencing/JZP202302GM011-01/00raw/PS4_9_2.fq.gz
PS4_10,/public/Bio/Bio_data/Armeniaca_Resequencing/JZP202302GM011-01/00raw/PS4_10_1.fq.gz,/public/Bio/Bio_data/Armeniaca_Resequencing/JZP202302GM011-01/00raw/PS4_10_2.fq.gz
PS4_11,/public/Bio/Bio_data/Armeniaca_Resequencing/JZP202302GM011-01/00raw/PS4_11_1.fq.gz,/public/Bio/Bio_data/Armeniaca_Resequencing/JZP202302GM011-01/00raw/PS4_11_2.fq.gz
PS4_12,/public/Bio/Bio_data/Armeniaca_Resequencing/JZP202302GM011-01/00raw/PS4_12_1.fq.gz,/public/Bio/Bio_data/Armeniaca_Resequencing/JZP202302GM011-01/00raw/PS4_12_2.fq.gz
PS4_13,/public/Bio/Bio_data/Armeniaca_Resequencing/JZP202302GM011-01/00raw/PS4_13_1.fq.gz,/public/Bio/Bio_data/Armeniaca_Resequencing/JZP202302GM011-01/00raw/PS4_13_2.fq.gz
PS4_14,/public/Bio/Bio_data/Armeniaca_Resequencing/JZP202302GM011-01/00raw/PS4_14_1.fq.gz,/public/Bio/Bio_data/Armeniaca_Resequencing/JZP202302GM011-01/00raw/PS4_14_2.fq.gz
PS4_15,/public/Bio/Bio_data/Armeniaca_Resequencing/JZP202302GM011-01/00raw/PS4_15_1.fq.gz,/public/Bio/Bio_data/Armeniaca_Resequencing/JZP202302GM011-01/00raw/PS4_15_2.fq.gz
PS5_1,/public/Bio/Bio_data/Armeniaca_Resequencing/JZP202302GM011-01/00raw/PS5_1_1.fq.gz,/public/Bio/Bio_data/Armeniaca_Resequencing/JZP202302GM011-01/00raw/PS5_1_2.fq.gz
PS5_2,/public/Bio/Bio_data/Armeniaca_Resequencing/JZP202302GM011-01/00raw/PS5_2_1.fq.gz,/public/Bio/Bio_data/Armeniaca_Resequencing/JZP202302GM011-01/00raw/PS5_2_2.fq.gz
PS5_3,/public/Bio/Bio_data/Armeniaca_Resequencing/JZP202302GM011-01/00raw/PS5_3_1.fq.gz,/public/Bio/Bio_data/Armeniaca_Resequencing/JZP202302GM011-01/00raw/PS5_3_2.fq.gz
PS5_4,/public/Bio/Bio_data/Armeniaca_Resequencing/JZP202302GM011-01/00raw/PS5_4_1.fq.gz,/public/Bio/Bio_data/Armeniaca_Resequencing/JZP202302GM011-01/00raw/PS5_4_2.fq.gz
PS5_5,/public/Bio/Bio_data/Armeniaca_Resequencing/JZP202302GM011-01/00raw/PS5_5_1.fq.gz,/public/Bio/Bio_data/Armeniaca_Resequencing/JZP202302GM011-01/00raw/PS5_5_2.fq.gz
PS6_1,/public/Bio/Bio_data/Armeniaca_Resequencing/JZP202302GM011-01/00raw/PS6_1_1.fq.gz,/public/Bio/Bio_data/Armeniaca_Resequencing/JZP202302GM011-01/00raw/PS6_1_2.fq.gz
PS6_2,/public/Bio/Bio_data/Armeniaca_Resequencing/JZP202302GM011-01/00raw/PS6_2_1.fq.gz,/public/Bio/Bio_data/Armeniaca_Resequencing/JZP202302GM011-01/00raw/PS6_2_2.fq.gz
PS6_3,/public/Bio/Bio_data/Armeniaca_Resequencing/JZP202302GM011-01/00raw/PS6_3_1.fq.gz,/public/Bio/Bio_data/Armeniaca_Resequencing/JZP202302GM011-01/00raw/PS6_3_2.fq.gz
PS6_4,/public/Bio/Bio_data/Armeniaca_Resequencing/JZP202302GM011-01/00raw/PS6_4_1.fq.gz,/public/Bio/Bio_data/Armeniaca_Resequencing/JZP202302GM011-01/00raw/PS6_4_2.fq.gz
PS6_5,/public/Bio/Bio_data/Armeniaca_Resequencing/JZP202302GM011-01/00raw/PS6_5_1.fq.gz,/public/Bio/Bio_data/Armeniaca_Resequencing/JZP202302GM011-01/00raw/PS6_5_2.fq.gz
PS6_6,/public/Bio/Bio_data/Armeniaca_Resequencing/JZP202302GM011-01/00raw/PS6_6_1.fq.gz,/public/Bio/Bio_data/Armeniaca_Resequencing/JZP202302GM011-01/00raw/PS6_6_2.fq.gz
PS6_7,/public/Bio/Bio_data/Armeniaca_Resequencing/JZP202302GM011-01/00raw/PS6_7_1.fq.gz,/public/Bio/Bio_data/Armeniaca_Resequencing/JZP202302GM011-01/00raw/PS6_7_2.fq.gz
PS6_8,/public/Bio/Bio_data/Armeniaca_Resequencing/JZP202302GM011-01/00raw/PS6_8_1.fq.gz,/public/Bio/Bio_data/Armeniaca_Resequencing/JZP202302GM011-01/00raw/PS6_8_2.fq.gz
PS6_9,/public/Bio/Bio_data/Armeniaca_Resequencing/JZP202302GM011-01/00raw/PS6_9_1.fq.gz,/public/Bio/Bio_data/Armeniaca_Resequencing/JZP202302GM011-01/00raw/PS6_9_2.fq.gz
PS6_10,/public/Bio/Bio_data/Armeniaca_Resequencing/JZP202302GM011-01/00raw/PS6_10_1.fq.gz,/public/Bio/Bio_data/Armeniaca_Resequencing/JZP202302GM011-01/00raw/PS6_10_2.fq.gz
PS7_1,/public/Bio/Bio_data/Armeniaca_Resequencing/JZP202302GM011-02-ext/PS7_1_1.fq.gz,/public/Bio/Bio_data/Armeniaca_Resequencing/JZP202302GM011-02-ext/PS7_1_2.fq.gz
PS8_1,/public/Bio/Bio_data/Armeniaca_Resequencing/JZP202302GM011-01/00raw/PS8_1_1.fq.gz,/public/Bio/Bio_data/Armeniaca_Resequencing/JZP202302GM011-01/00raw/PS8_1_2.fq.gz
PS8_2,/public/Bio/Bio_data/Armeniaca_Resequencing/JZP202302GM011-01/00raw/PS8_2_1.fq.gz,/public/Bio/Bio_data/Armeniaca_Resequencing/JZP202302GM011-01/00raw/PS8_2_2.fq.gz
PS8_3,/public/Bio/Bio_data/Armeniaca_Resequencing/JZP202302GM011-01/00raw/PS8_3_1.fq.gz,/public/Bio/Bio_data/Armeniaca_Resequencing/JZP202302GM011-01/00raw/PS8_3_2.fq.gz
PS8_4,/public/Bio/Bio_data/Armeniaca_Resequencing/JZP202302GM011-01/00raw/PS8_4_1.fq.gz,/public/Bio/Bio_data/Armeniaca_Resequencing/JZP202302GM011-01/00raw/PS8_4_2.fq.gz
PS8_5,/public/Bio/Bio_data/Armeniaca_Resequencing/JZP202302GM011-01/00raw/PS8_5_1.fq.gz,/public/Bio/Bio_data/Armeniaca_Resequencing/JZP202302GM011-01/00raw/PS8_5_2.fq.gz
PS8_6,/public/Bio/Bio_data/Armeniaca_Resequencing/JZP202302GM011-01/00raw/PS8_6_1.fq.gz,/public/Bio/Bio_data/Armeniaca_Resequencing/JZP202302GM011-01/00raw/PS8_6_2.fq.gz
PS8_7,/public/Bio/Bio_data/Armeniaca_Resequencing/JZP202302GM011-01/00raw/PS8_7_1.fq.gz,/public/Bio/Bio_data/Armeniaca_Resequencing/JZP202302GM011-01/00raw/PS8_7_2.fq.gz
PS8_8,/public/Bio/Bio_data/Armeniaca_Resequencing/JZP202302GM011-01/00raw/PS8_8_1.fq.gz,/public/Bio/Bio_data/Armeniaca_Resequencing/JZP202302GM011-01/00raw/PS8_8_2.fq.gz
PS8_9,/public/Bio/Bio_data/Armeniaca_Resequencing/JZP202302GM011-01/00raw/PS8_9_1.fq.gz,/public/Bio/Bio_data/Armeniaca_Resequencing/JZP202302GM011-01/00raw/PS8_9_2.fq.gz
PS8_10,/public/Bio/Bio_data/Armeniaca_Resequencing/JZP202302GM011-01/00raw/PS8_10_1.fq.gz,/public/Bio/Bio_data/Armeniaca_Resequencing/JZP202302GM011-01/00raw/PS8_10_2.fq.gz
PS8_11,/public/Bio/Bio_data/Armeniaca_Resequencing/JZP202302GM011-01/00raw/PS8_11_1.fq.gz,/public/Bio/Bio_data/Armeniaca_Resequencing/JZP202302GM011-01/00raw/PS8_11_2.fq.gz
PS8_12,/public/Bio/Bio_data/Armeniaca_Resequencing/JZP202302GM011-02-ext/PS8_12_1.fq.gz,/public/Bio/Bio_data/Armeniaca_Resequencing/JZP202302GM011-02-ext/PS8_12_2.fq.gz
PS8_21,/public/Bio/Bio_data/Armeniaca_Resequencing/JZP202302GM011-02-ext/PS8_21_1.fq.gz,/public/Bio/Bio_data/Armeniaca_Resequencing/JZP202302GM011-02-ext/PS8_21_2.fq.gz
PS8_22,/public/Bio/Bio_data/Armeniaca_Resequencing/JZP202302GM011-02-ext/PS8_22_1.fq.gz,/public/Bio/Bio_data/Armeniaca_Resequencing/JZP202302GM011-02-ext/PS8_22_2.fq.gz
PS8_23,/public/Bio/Bio_data/Armeniaca_Resequencing/JZP202302GM011-02-ext/PS8_23_1.fq.gz,/public/Bio/Bio_data/Armeniaca_Resequencing/JZP202302GM011-02-ext/PS8_23_2.fq.gz
PS9_1,/public/Bio/Bio_data/Armeniaca_Resequencing/JZP202302GM011-02-ext/PS9_1_1.fq.gz,/public/Bio/Bio_data/Armeniaca_Resequencing/JZP202302GM011-02-ext/PS9_1_2.fq.gz
PS9_2,/public/Bio/Bio_data/Armeniaca_Resequencing/JZP202302GM011-02-ext/PS9_2_1.fq.gz,/public/Bio/Bio_data/Armeniaca_Resequencing/JZP202302GM011-02-ext/PS9_2_2.fq.gz
PS11_1,/public/Bio/Bio_data/Armeniaca_Resequencing/JZP202302GM011-02-ext/PS11_1_1.fq.gz,/public/Bio/Bio_data/Armeniaca_Resequencing/JZP202302GM011-02-ext/PS11_1_2.fq.gz
PS12_1,/public/Bio/Bio_data/Armeniaca_Resequencing/JZP202302GM011-01/00raw/PS12_1_1.fq.gz,/public/Bio/Bio_data/Armeniaca_Resequencing/JZP202302GM011-01/00raw/PS12_1_2.fq.gz
PS12_2,/public/Bio/Bio_data/Armeniaca_Resequencing/JZP202302GM011-01/00raw/PS12_2_1.fq.gz,/public/Bio/Bio_data/Armeniaca_Resequencing/JZP202302GM011-01/00raw/PS12_2_2.fq.gz
PS12_3,/public/Bio/Bio_data/Armeniaca_Resequencing/JZP202302GM011-01/00raw/PS12_3_1.fq.gz,/public/Bio/Bio_data/Armeniaca_Resequencing/JZP202302GM011-01/00raw/PS12_3_2.fq.gz
PS12_4,/public/Bio/Bio_data/Armeniaca_Resequencing/JZP202302GM011-01/00raw/PS12_4_1.fq.gz,/public/Bio/Bio_data/Armeniaca_Resequencing/JZP202302GM011-01/00raw/PS12_4_2.fq.gz
PS12_5,/public/Bio/Bio_data/Armeniaca_Resequencing/JZP202302GM011-01/00raw/PS12_5_1.fq.gz,/public/Bio/Bio_data/Armeniaca_Resequencing/JZP202302GM011-01/00raw/PS12_5_2.fq.gz
PS12_6,/public/Bio/Bio_data/Armeniaca_Resequencing/JZP202302GM011-01/00raw/PS12_6_1.fq.gz,/public/Bio/Bio_data/Armeniaca_Resequencing/JZP202302GM011-01/00raw/PS12_6_2.fq.gz
PS12_7,/public/Bio/Bio_data/Armeniaca_Resequencing/JZP202302GM011-01/00raw/PS12_7_1.fq.gz,/public/Bio/Bio_data/Armeniaca_Resequencing/JZP202302GM011-01/00raw/PS12_7_2.fq.gz
PS12_8,/public/Bio/Bio_data/Armeniaca_Resequencing/JZP202302GM011-01/00raw/PS12_8_1.fq.gz,/public/Bio/Bio_data/Armeniaca_Resequencing/JZP202302GM011-01/00raw/PS12_8_2.fq.gz
PS12_9,/public/Bio/Bio_data/Armeniaca_Resequencing/JZP202302GM011-01/00raw/PS12_9_1.fq.gz,/public/Bio/Bio_data/Armeniaca_Resequencing/JZP202302GM011-01/00raw/PS12_9_2.fq.gz
PS12_10,/public/Bio/Bio_data/Armeniaca_Resequencing/JZP202302GM011-01/00raw/PS12_10_1.fq.gz,/public/Bio/Bio_data/Armeniaca_Resequencing/JZP202302GM011-01/00raw/PS12_10_2.fq.gz
PS13_1,/public/Bio/Bio_data/Armeniaca_Resequencing/JZP202302GM011-01/00raw/PS13_1_1.fq.gz,/public/Bio/Bio_data/Armeniaca_Resequencing/JZP202302GM011-01/00raw/PS13_1_2.fq.gz
PS13_2,/public/Bio/Bio_data/Armeniaca_Resequencing/JZP202302GM011-01/00raw/PS13_2_1.fq.gz,/public/Bio/Bio_data/Armeniaca_Resequencing/JZP202302GM011-01/00raw/PS13_2_2.fq.gz
PS13_3,/public/Bio/Bio_data/Armeniaca_Resequencing/JZP202302GM011-01/00raw/PS13_3_1.fq.gz,/public/Bio/Bio_data/Armeniaca_Resequencing/JZP202302GM011-01/00raw/PS13_3_2.fq.gz
PS13_4,/public/Bio/Bio_data/Armeniaca_Resequencing/JZP202302GM011-01/00raw/PS13_4_1.fq.gz,/public/Bio/Bio_data/Armeniaca_Resequencing/JZP202302GM011-01/00raw/PS13_4_2.fq.gz
PS13_5,/public/Bio/Bio_data/Armeniaca_Resequencing/JZP202302GM011-01/00raw/PS13_5_1.fq.gz,/public/Bio/Bio_data/Armeniaca_Resequencing/JZP202302GM011-01/00raw/PS13_5_2.fq.gz
PS13_6,/public/Bio/Bio_data/Armeniaca_Resequencing/JZP202302GM011-01/00raw/PS13_6_1.fq.gz,/public/Bio/Bio_data/Armeniaca_Resequencing/JZP202302GM011-01/00raw/PS13_6_2.fq.gz
PS13_7,/public/Bio/Bio_data/Armeniaca_Resequencing/JZP202302GM011-01/00raw/PS13_7_1.fq.gz,/public/Bio/Bio_data/Armeniaca_Resequencing/JZP202302GM011-01/00raw/PS13_7_2.fq.gz
PS13_8,/public/Bio/Bio_data/Armeniaca_Resequencing/JZP202302GM011-01/00raw/PS13_8_1.fq.gz,/public/Bio/Bio_data/Armeniaca_Resequencing/JZP202302GM011-01/00raw/PS13_8_2.fq.gz
PS13_9,/public/Bio/Bio_data/Armeniaca_Resequencing/JZP202302GM011-01/00raw/PS13_9_1.fq.gz,/public/Bio/Bio_data/Armeniaca_Resequencing/JZP202302GM011-01/00raw/PS13_9_2.fq.gz
PS13_10,/public/Bio/Bio_data/Armeniaca_Resequencing/JZP202302GM011-01/00raw/PS13_10_1.fq.gz,/public/Bio/Bio_data/Armeniaca_Resequencing/JZP202302GM011-01/00raw/PS13_10_2.fq.gz
PS14_1,/public/Bio/Bio_data/Armeniaca_Resequencing/JZP202302GM011-02-ext/PS14_1_1.fq.gz,/public/Bio/Bio_data/Armeniaca_Resequencing/JZP202302GM011-02-ext/PS14_1_2.fq.gz
PS15_1,/public/Bio/Bio_data/Armeniaca_Resequencing/JZP202302GM011-02-ext/PS15_1_1.fq.gz,/public/Bio/Bio_data/Armeniaca_Resequencing/JZP202302GM011-02-ext/PS15_1_2.fq.gz
PS16_1,/public/Bio/Bio_data/Armeniaca_Resequencing/JZP202302GM011-01/00raw/PS16_1_1.fq.gz,/public/Bio/Bio_data/Armeniaca_Resequencing/JZP202302GM011-01/00raw/PS16_1_2.fq.gz
PS16_2,/public/Bio/Bio_data/Armeniaca_Resequencing/JZP202302GM011-01/00raw/PS16_2_1.fq.gz,/public/Bio/Bio_data/Armeniaca_Resequencing/JZP202302GM011-01/00raw/PS16_2_2.fq.gz
PS16_3,/public/Bio/Bio_data/Armeniaca_Resequencing/JZP202302GM011-01/00raw/PS16_3_1.fq.gz,/public/Bio/Bio_data/Armeniaca_Resequencing/JZP202302GM011-01/00raw/PS16_3_2.fq.gz
PS16_4,/public/Bio/Bio_data/Armeniaca_Resequencing/JZP202302GM011-01/00raw/PS16_4_1.fq.gz,/public/Bio/Bio_data/Armeniaca_Resequencing/JZP202302GM011-01/00raw/PS16_4_2.fq.gz
PS16_5,/public/Bio/Bio_data/Armeniaca_Resequencing/JZP202302GM011-01/00raw/PS16_5_1.fq.gz,/public/Bio/Bio_data/Armeniaca_Resequencing/JZP202302GM011-01/00raw/PS16_5_2.fq.gz
PS16_6,/public/Bio/Bio_data/Armeniaca_Resequencing/JZP202302GM011-01/00raw/PS16_6_1.fq.gz,/public/Bio/Bio_data/Armeniaca_Resequencing/JZP202302GM011-01/00raw/PS16_6_2.fq.gz
PS16_7,/public/Bio/Bio_data/Armeniaca_Resequencing/JZP202302GM011-01/00raw/PS16_7_1.fq.gz,/public/Bio/Bio_data/Armeniaca_Resequencing/JZP202302GM011-01/00raw/PS16_7_2.fq.gz
PS16_8,/public/Bio/Bio_data/Armeniaca_Resequencing/JZP202302GM011-01/00raw/PS16_8_1.fq.gz,/public/Bio/Bio_data/Armeniaca_Resequencing/JZP202302GM011-01/00raw/PS16_8_2.fq.gz
PS16_9,/public/Bio/Bio_data/Armeniaca_Resequencing/JZP202302GM011-01/00raw/PS16_9_1.fq.gz,/public/Bio/Bio_data/Armeniaca_Resequencing/JZP202302GM011-01/00raw/PS16_9_2.fq.gz
PS16_10,/public/Bio/Bio_data/Armeniaca_Resequencing/JZP202302GM011-01/00raw/PS16_10_1.fq.gz,/public/Bio/Bio_data/Armeniaca_Resequencing/JZP202302GM011-01/00raw/PS16_10_2.fq.gz
PS16_11,/public/Bio/Bio_data/Armeniaca_Resequencing/JZP202302GM011-01/00raw/PS16_11_1.fq.gz,/public/Bio/Bio_data/Armeniaca_Resequencing/JZP202302GM011-01/00raw/PS16_11_2.fq.gz
PS16_12,/public/Bio/Bio_data/Armeniaca_Resequencing/JZP202302GM011-01/00raw/PS16_12_1.fq.gz,/public/Bio/Bio_data/Armeniaca_Resequencing/JZP202302GM011-01/00raw/PS16_12_2.fq.gz
PS16_13,/public/Bio/Bio_data/Armeniaca_Resequencing/JZP202302GM011-01/00raw/PS16_13_1.fq.gz,/public/Bio/Bio_data/Armeniaca_Resequencing/JZP202302GM011-01/00raw/PS16_13_2.fq.gz
PS17_1,/public/Bio/Bio_data/Armeniaca_Resequencing/JZP202302GM011-02-ext/PS17_1_1.fq.gz,/public/Bio/Bio_data/Armeniaca_Resequencing/JZP202302GM011-02-ext/PS17_1_2.fq.gz
PS18_1,/public/Bio/Bio_data/Armeniaca_Resequencing/JZP202302GM011-02-ext/PS18_1_1.fq.gz,/public/Bio/Bio_data/Armeniaca_Resequencing/JZP202302GM011-02-ext/PS18_1_2.fq.gz
PS19_1,/public/Bio/Bio_data/Armeniaca_Resequencing/JZP202302GM011-01/00raw/PS19_1_1.fq.gz,/public/Bio/Bio_data/Armeniaca_Resequencing/JZP202302GM011-01/00raw/PS19_1_2.fq.gz
PS19_2,/public/Bio/Bio_data/Armeniaca_Resequencing/JZP202302GM011-01/00raw/PS19_2_1.fq.gz,/public/Bio/Bio_data/Armeniaca_Resequencing/JZP202302GM011-01/00raw/PS19_2_2.fq.gz
PS19_3,/public/Bio/Bio_data/Armeniaca_Resequencing/JZP202302GM011-01/00raw/PS19_3_1.fq.gz,/public/Bio/Bio_data/Armeniaca_Resequencing/JZP202302GM011-01/00raw/PS19_3_2.fq.gz
PS19_4,/public/Bio/Bio_data/Armeniaca_Resequencing/JZP202302GM011-01/00raw/PS19_4_1.fq.gz,/public/Bio/Bio_data/Armeniaca_Resequencing/JZP202302GM011-01/00raw/PS19_4_2.fq.gz
PS19_5,/public/Bio/Bio_data/Armeniaca_Resequencing/JZP202302GM011-01/00raw/PS19_5_1.fq.gz,/public/Bio/Bio_data/Armeniaca_Resequencing/JZP202302GM011-01/00raw/PS19_5_2.fq.gz
PS19_6,/public/Bio/Bio_data/Armeniaca_Resequencing/JZP202302GM011-01/00raw/PS19_6_1.fq.gz,/public/Bio/Bio_data/Armeniaca_Resequencing/JZP202302GM011-01/00raw/PS19_6_2.fq.gz
PS19_7,/public/Bio/Bio_data/Armeniaca_Resequencing/JZP202302GM011-02-ext/PS19_7_1.fq.gz,/public/Bio/Bio_data/Armeniaca_Resequencing/JZP202302GM011-02-ext/PS19_7_2.fq.gz
PS19_8,/public/Bio/Bio_data/Armeniaca_Resequencing/JZP202302GM011-02-ext/PS19_8_1.fq.gz,/public/Bio/Bio_data/Armeniaca_Resequencing/JZP202302GM011-02-ext/PS19_8_2.fq.gz
PS19_9,/public/Bio/Bio_data/Armeniaca_Resequencing/JZP202302GM011-02-ext/PS19_9_1.fq.gz,/public/Bio/Bio_data/Armeniaca_Resequencing/JZP202302GM011-02-ext/PS19_9_2.fq.gz
PS19_10,/public/Bio/Bio_data/Armeniaca_Resequencing/JZP202302GM011-02-ext/PS19_10_1.fq.gz,/public/Bio/Bio_data/Armeniaca_Resequencing/JZP202302GM011-02-ext/PS19_10_2.fq.gz
PS19_11,/public/Bio/Bio_data/Armeniaca_Resequencing/JZP202302GM011-02-ext/PS19_11_1.fq.gz,/public/Bio/Bio_data/Armeniaca_Resequencing/JZP202302GM011-02-ext/PS19_11_2.fq.gz
PS20_1,/public/Bio/Bio_data/Armeniaca_Resequencing/JZP202302GM011-02-ext/PS20_1_1.fq.gz,/public/Bio/Bio_data/Armeniaca_Resequencing/JZP202302GM011-02-ext/PS20_1_2.fq.gz
PS20_2,/public/Bio/Bio_data/Armeniaca_Resequencing/JZP202302GM011-02-ext/PS20_2_1.fq.gz,/public/Bio/Bio_data/Armeniaca_Resequencing/JZP202302GM011-02-ext/PS20_2_2.fq.gz
PS21_1,/public/Bio/Bio_data/Armeniaca_Resequencing/JZP202302GM011-02-ext/PS21_1_1.fq.gz,/public/Bio/Bio_data/Armeniaca_Resequencing/JZP202302GM011-02-ext/PS21_1_2.fq.gz
PS21_2,/public/Bio/Bio_data/Armeniaca_Resequencing/JZP202302GM011-02-ext/PS21_2_1.fq.gz,/public/Bio/Bio_data/Armeniaca_Resequencing/JZP202302GM011-02-ext/PS21_2_2.fq.gz
PS22_1,/public/Bio/Bio_data/Armeniaca_Resequencing/JZP202302GM011-02-ext/PS22_1_1.fq.gz,/public/Bio/Bio_data/Armeniaca_Resequencing/JZP202302GM011-02-ext/PS22_1_2.fq.gz
PS22_2,/public/Bio/Bio_data/Armeniaca_Resequencing/JZP202302GM011-02-ext/PS22_2_1.fq.gz,/public/Bio/Bio_data/Armeniaca_Resequencing/JZP202302GM011-02-ext/PS22_2_2.fq.gz
PS22_16,/public/Bio/Bio_data/Armeniaca_Resequencing/JZP202302GM011-02-ext/PS22_16_1.fq.gz,/public/Bio/Bio_data/Armeniaca_Resequencing/JZP202302GM011-02-ext/PS22_16_2.fq.gz
PS23_1,/public/Bio/Bio_data/Armeniaca_Resequencing/JZP202302GM011-01/00raw/PS23_1_1.fq.gz,/public/Bio/Bio_data/Armeniaca_Resequencing/JZP202302GM011-01/00raw/PS23_1_2.fq.gz
PS23_2,/public/Bio/Bio_data/Armeniaca_Resequencing/JZP202302GM011-01/00raw/PS23_2_1.fq.gz,/public/Bio/Bio_data/Armeniaca_Resequencing/JZP202302GM011-01/00raw/PS23_2_2.fq.gz
PS23_3,/public/Bio/Bio_data/Armeniaca_Resequencing/JZP202302GM011-01/00raw/PS23_3_1.fq.gz,/public/Bio/Bio_data/Armeniaca_Resequencing/JZP202302GM011-01/00raw/PS23_3_2.fq.gz
PS23_4,/public/Bio/Bio_data/Armeniaca_Resequencing/JZP202302GM011-01/00raw/PS23_4_1.fq.gz,/public/Bio/Bio_data/Armeniaca_Resequencing/JZP202302GM011-01/00raw/PS23_4_2.fq.gz
PS23_5,/public/Bio/Bio_data/Armeniaca_Resequencing/JZP202302GM011-01/00raw/PS23_5_1.fq.gz,/public/Bio/Bio_data/Armeniaca_Resequencing/JZP202302GM011-01/00raw/PS23_5_2.fq.gz
PS23_6,/public/Bio/Bio_data/Armeniaca_Resequencing/JZP202302GM011-01/00raw/PS23_6_1.fq.gz,/public/Bio/Bio_data/Armeniaca_Resequencing/JZP202302GM011-01/00raw/PS23_6_2.fq.gz
PS23_7,/public/Bio/Bio_data/Armeniaca_Resequencing/JZP202302GM011-01/00raw/PS23_7_1.fq.gz,/public/Bio/Bio_data/Armeniaca_Resequencing/JZP202302GM011-01/00raw/PS23_7_2.fq.gz
PS23_8,/public/Bio/Bio_data/Armeniaca_Resequencing/JZP202302GM011-01/00raw/PS23_8_1.fq.gz,/public/Bio/Bio_data/Armeniaca_Resequencing/JZP202302GM011-01/00raw/PS23_8_2.fq.gz
PS23_9,/public/Bio/Bio_data/Armeniaca_Resequencing/JZP202302GM011-01/00raw/PS23_9_1.fq.gz,/public/Bio/Bio_data/Armeniaca_Resequencing/JZP202302GM011-01/00raw/PS23_9_2.fq.gz
PS23_10,/public/Bio/Bio_data/Armeniaca_Resequencing/JZP202302GM011-01/00raw/PS23_10_1.fq.gz,/public/Bio/Bio_data/Armeniaca_Resequencing/JZP202302GM011-01/00raw/PS23_10_2.fq.gz
PS23_11,/public/Bio/Bio_data/Armeniaca_Resequencing/JZP202302GM011-01/00raw/PS23_11_1.fq.gz,/public/Bio/Bio_data/Armeniaca_Resequencing/JZP202302GM011-01/00raw/PS23_11_2.fq.gz
PS23_12,/public/Bio/Bio_data/Armeniaca_Resequencing/JZP202302GM011-01/00raw/PS23_12_1.fq.gz,/public/Bio/Bio_data/Armeniaca_Resequencing/JZP202302GM011-01/00raw/PS23_12_2.fq.gz
PS24_1,/public/Bio/Bio_data/Armeniaca_Resequencing/JZP202302GM011-01/00raw/PS24_1_1.fq.gz,/public/Bio/Bio_data/Armeniaca_Resequencing/JZP202302GM011-01/00raw/PS24_1_2.fq.gz
PS24_2,/public/Bio/Bio_data/Armeniaca_Resequencing/JZP202302GM011-01/00raw/PS24_2_1.fq.gz,/public/Bio/Bio_data/Armeniaca_Resequencing/JZP202302GM011-01/00raw/PS24_2_2.fq.gz
PS24_3,/public/Bio/Bio_data/Armeniaca_Resequencing/JZP202302GM011-01/00raw/PS24_3_1.fq.gz,/public/Bio/Bio_data/Armeniaca_Resequencing/JZP202302GM011-01/00raw/PS24_3_2.fq.gz
PS24_4,/public/Bio/Bio_data/Armeniaca_Resequencing/JZP202302GM011-01/00raw/PS24_4_1.fq.gz,/public/Bio/Bio_data/Armeniaca_Resequencing/JZP202302GM011-01/00raw/PS24_4_2.fq.gz
PS24_5,/public/Bio/Bio_data/Armeniaca_Resequencing/JZP202302GM011-01/00raw/PS24_5_1.fq.gz,/public/Bio/Bio_data/Armeniaca_Resequencing/JZP202302GM011-01/00raw/PS24_5_2.fq.gz
PS24_6,/public/Bio/Bio_data/Armeniaca_Resequencing/JZP202302GM011-01/00raw/PS24_6_1.fq.gz,/public/Bio/Bio_data/Armeniaca_Resequencing/JZP202302GM011-01/00raw/PS24_6_2.fq.gz
PS24_7,/public/Bio/Bio_data/Armeniaca_Resequencing/JZP202302GM011-01/00raw/PS24_7_1.fq.gz,/public/Bio/Bio_data/Armeniaca_Resequencing/JZP202302GM011-01/00raw/PS24_7_2.fq.gz
PS24_8,/public/Bio/Bio_data/Armeniaca_Resequencing/JZP202302GM011-01/00raw/PS24_8_1.fq.gz,/public/Bio/Bio_data/Armeniaca_Resequencing/JZP202302GM011-01/00raw/PS24_8_2.fq.gz
PS24_9,/public/Bio/Bio_data/Armeniaca_Resequencing/JZP202302GM011-01/00raw/PS24_9_1.fq.gz,/public/Bio/Bio_data/Armeniaca_Resequencing/JZP202302GM011-01/00raw/PS24_9_2.fq.gz
PS24_10,/public/Bio/Bio_data/Armeniaca_Resequencing/JZP202302GM011-01/00raw/PS24_10_1.fq.gz,/public/Bio/Bio_data/Armeniaca_Resequencing/JZP202302GM011-01/00raw/PS24_10_2.fq.gz
PS24_11,/public/Bio/Bio_data/Armeniaca_Resequencing/JZP202302GM011-01/00raw/PS24_11_1.fq.gz,/public/Bio/Bio_data/Armeniaca_Resequencing/JZP202302GM011-01/00raw/PS24_11_2.fq.gz
PS24_12,/public/Bio/Bio_data/Armeniaca_Resequencing/JZP202302GM011-01/00raw/PS24_12_1.fq.gz,/public/Bio/Bio_data/Armeniaca_Resequencing/JZP202302GM011-01/00raw/PS24_12_2.fq.gz
PS25_1,/public/Bio/Bio_data/Armeniaca_Resequencing/JZP202302GM011-01/00raw/PS25_1_1.fq.gz,/public/Bio/Bio_data/Armeniaca_Resequencing/JZP202302GM011-01/00raw/PS25_1_2.fq.gz
PS25_2,/public/Bio/Bio_data/Armeniaca_Resequencing/JZP202302GM011-01/00raw/PS25_2_1.fq.gz,/public/Bio/Bio_data/Armeniaca_Resequencing/JZP202302GM011-01/00raw/PS25_2_2.fq.gz
PS25_3,/public/Bio/Bio_data/Armeniaca_Resequencing/JZP202302GM011-01/00raw/PS25_3_1.fq.gz,/public/Bio/Bio_data/Armeniaca_Resequencing/JZP202302GM011-01/00raw/PS25_3_2.fq.gz
PS25_4,/public/Bio/Bio_data/Armeniaca_Resequencing/JZP202302GM011-01/00raw/PS25_4_1.fq.gz,/public/Bio/Bio_data/Armeniaca_Resequencing/JZP202302GM011-01/00raw/PS25_4_2.fq.gz
PS25_5,/public/Bio/Bio_data/Armeniaca_Resequencing/JZP202302GM011-01/00raw/PS25_5_1.fq.gz,/public/Bio/Bio_data/Armeniaca_Resequencing/JZP202302GM011-01/00raw/PS25_5_2.fq.gz
PS25_6,/public/Bio/Bio_data/Armeniaca_Resequencing/JZP202302GM011-01/00raw/PS25_6_1.fq.gz,/public/Bio/Bio_data/Armeniaca_Resequencing/JZP202302GM011-01/00raw/PS25_6_2.fq.gz
PS25_7,/public/Bio/Bio_data/Armeniaca_Resequencing/JZP202302GM011-01/00raw/PS25_7_1.fq.gz,/public/Bio/Bio_data/Armeniaca_Resequencing/JZP202302GM011-01/00raw/PS25_7_2.fq.gz
PS25_8,/public/Bio/Bio_data/Armeniaca_Resequencing/JZP202302GM011-01/00raw/PS25_8_1.fq.gz,/public/Bio/Bio_data/Armeniaca_Resequencing/JZP202302GM011-01/00raw/PS25_8_2.fq.gz
PS25_9,/public/Bio/Bio_data/Armeniaca_Resequencing/JZP202302GM011-01/00raw/PS25_9_1.fq.gz,/public/Bio/Bio_data/Armeniaca_Resequencing/JZP202302GM011-01/00raw/PS25_9_2.fq.gz
PS25_10,/public/Bio/Bio_data/Armeniaca_Resequencing/JZP202302GM011-01/00raw/PS25_10_1.fq.gz,/public/Bio/Bio_data/Armeniaca_Resequencing/JZP202302GM011-01/00raw/PS25_10_2.fq.gz
PS25_11,/public/Bio/Bio_data/Armeniaca_Resequencing/JZP202302GM011-01/00raw/PS25_11_1.fq.gz,/public/Bio/Bio_data/Armeniaca_Resequencing/JZP202302GM011-01/00raw/PS25_11_2.fq.gz
PS25_12,/public/Bio/Bio_data/Armeniaca_Resequencing/JZP202302GM011-01/00raw/PS25_12_1.fq.gz,/public/Bio/Bio_data/Armeniaca_Resequencing/JZP202302GM011-01/00raw/PS25_12_2.fq.gz
PS25_13,/public/Bio/Bio_data/Armeniaca_Resequencing/JZP202302GM011-01/00raw/PS25_13_1.fq.gz,/public/Bio/Bio_data/Armeniaca_Resequencing/JZP202302GM011-01/00raw/PS25_13_2.fq.gz
PS25_14,/public/Bio/Bio_data/Armeniaca_Resequencing/JZP202302GM011-01/00raw/PS25_14_1.fq.gz,/public/Bio/Bio_data/Armeniaca_Resequencing/JZP202302GM011-01/00raw/PS25_14_2.fq.gz
PS26_1,/public/Bio/Bio_data/Armeniaca_Resequencing/JZP202302GM011-01/00raw/PS26_1_1.fq.gz,/public/Bio/Bio_data/Armeniaca_Resequencing/JZP202302GM011-01/00raw/PS26_1_2.fq.gz
PS26_2,/public/Bio/Bio_data/Armeniaca_Resequencing/JZP202302GM011-01/00raw/PS26_2_1.fq.gz,/public/Bio/Bio_data/Armeniaca_Resequencing/JZP202302GM011-01/00raw/PS26_2_2.fq.gz
PS26_3,/public/Bio/Bio_data/Armeniaca_Resequencing/JZP202302GM011-01/00raw/PS26_3_1.fq.gz,/public/Bio/Bio_data/Armeniaca_Resequencing/JZP202302GM011-01/00raw/PS26_3_2.fq.gz
PS26_4,/public/Bio/Bio_data/Armeniaca_Resequencing/JZP202302GM011-01/00raw/PS26_4_1.fq.gz,/public/Bio/Bio_data/Armeniaca_Resequencing/JZP202302GM011-01/00raw/PS26_4_2.fq.gz
PS26_5,/public/Bio/Bio_data/Armeniaca_Resequencing/JZP202302GM011-01/00raw/PS26_5_1.fq.gz,/public/Bio/Bio_data/Armeniaca_Resequencing/JZP202302GM011-01/00raw/PS26_5_2.fq.gz
PS26_6,/public/Bio/Bio_data/Armeniaca_Resequencing/JZP202302GM011-01/00raw/PS26_6_1.fq.gz,/public/Bio/Bio_data/Armeniaca_Resequencing/JZP202302GM011-01/00raw/PS26_6_2.fq.gz
PS26_7,/public/Bio/Bio_data/Armeniaca_Resequencing/JZP202302GM011-01/00raw/PS26_7_1.fq.gz,/public/Bio/Bio_data/Armeniaca_Resequencing/JZP202302GM011-01/00raw/PS26_7_2.fq.gz
PS26_8,/public/Bio/Bio_data/Armeniaca_Resequencing/JZP202302GM011-01/00raw/PS26_8_1.fq.gz,/public/Bio/Bio_data/Armeniaca_Resequencing/JZP202302GM011-01/00raw/PS26_8_2.fq.gz
PS26_9,/public/Bio/Bio_data/Armeniaca_Resequencing/JZP202302GM011-01/00raw/PS26_9_1.fq.gz,/public/Bio/Bio_data/Armeniaca_Resequencing/JZP202302GM011-01/00raw/PS26_9_2.fq.gz
PS26_10,/public/Bio/Bio_data/Armeniaca_Resequencing/JZP202302GM011-01/00raw/PS26_10_1.fq.gz,/public/Bio/Bio_data/Armeniaca_Resequencing/JZP202302GM011-01/00raw/PS26_10_2.fq.gz
PS26_11,/public/Bio/Bio_data/Armeniaca_Resequencing/JZP202302GM011-01/00raw/PS26_11_1.fq.gz,/public/Bio/Bio_data/Armeniaca_Resequencing/JZP202302GM011-01/00raw/PS26_11_2.fq.gz
PS26_12,/public/Bio/Bio_data/Armeniaca_Resequencing/JZP202302GM011-01/00raw/PS26_12_1.fq.gz,/public/Bio/Bio_data/Armeniaca_Resequencing/JZP202302GM011-01/00raw/PS26_12_2.fq.gz
PS26_13,/public/Bio/Bio_data/Armeniaca_Resequencing/JZP202302GM011-01/00raw/PS26_13_1.fq.gz,/public/Bio/Bio_data/Armeniaca_Resequencing/JZP202302GM011-01/00raw/PS26_13_2.fq.gz
PS26_14,/public/Bio/Bio_data/Armeniaca_Resequencing/JZP202302GM011-01/00raw/PS26_14_1.fq.gz,/public/Bio/Bio_data/Armeniaca_Resequencing/JZP202302GM011-01/00raw/PS26_14_2.fq.gz
PS26_15,/public/Bio/Bio_data/Armeniaca_Resequencing/JZP202302GM011-01/00raw/PS26_15_1.fq.gz,/public/Bio/Bio_data/Armeniaca_Resequencing/JZP202302GM011-01/00raw/PS26_15_2.fq.gz
PS28_1,/public/Bio/Bio_data/Armeniaca_Resequencing/JZP202302GM011-01/00raw/PS28_1_1.fq.gz,/public/Bio/Bio_data/Armeniaca_Resequencing/JZP202302GM011-01/00raw/PS28_1_2.fq.gz
PS28_2,/public/Bio/Bio_data/Armeniaca_Resequencing/JZP202302GM011-01/00raw/PS28_2_1.fq.gz,/public/Bio/Bio_data/Armeniaca_Resequencing/JZP202302GM011-01/00raw/PS28_2_2.fq.gz
PS28_3,/public/Bio/Bio_data/Armeniaca_Resequencing/JZP202302GM011-01/00raw/PS28_3_1.fq.gz,/public/Bio/Bio_data/Armeniaca_Resequencing/JZP202302GM011-01/00raw/PS28_3_2.fq.gz
PS28_4,/public/Bio/Bio_data/Armeniaca_Resequencing/JZP202302GM011-01/00raw/PS28_4_1.fq.gz,/public/Bio/Bio_data/Armeniaca_Resequencing/JZP202302GM011-01/00raw/PS28_4_2.fq.gz
PS28_5,/public/Bio/Bio_data/Armeniaca_Resequencing/JZP202302GM011-01/00raw/PS28_5_1.fq.gz,/public/Bio/Bio_data/Armeniaca_Resequencing/JZP202302GM011-01/00raw/PS28_5_2.fq.gz
PS28_6,/public/Bio/Bio_data/Armeniaca_Resequencing/JZP202302GM011-01/00raw/PS28_6_1.fq.gz,/public/Bio/Bio_data/Armeniaca_Resequencing/JZP202302GM011-01/00raw/PS28_6_2.fq.gz
PS28_7,/public/Bio/Bio_data/Armeniaca_Resequencing/JZP202302GM011-01/00raw/PS28_7_1.fq.gz,/public/Bio/Bio_data/Armeniaca_Resequencing/JZP202302GM011-01/00raw/PS28_7_2.fq.gz
PS30_1,/public/Bio/Bio_data/Armeniaca_Resequencing/JZP202302GM011-02-ext/PS30_1_1.fq.gz,/public/Bio/Bio_data/Armeniaca_Resequencing/JZP202302GM011-02-ext/PS30_1_2.fq.gz
PS30_2,/public/Bio/Bio_data/Armeniaca_Resequencing/JZP202302GM011-02-ext/PS30_2_1.fq.gz,/public/Bio/Bio_data/Armeniaca_Resequencing/JZP202302GM011-02-ext/PS30_2_2.fq.gz
PS30_3,/public/Bio/Bio_data/Armeniaca_Resequencing/JZP202302GM011-02-ext/PS30_3_1.fq.gz,/public/Bio/Bio_data/Armeniaca_Resequencing/JZP202302GM011-02-ext/PS30_3_2.fq.gz
PS30_4,/public/Bio/Bio_data/Armeniaca_Resequencing/JZP202302GM011-02-ext/PS30_4_1.fq.gz,/public/Bio/Bio_data/Armeniaca_Resequencing/JZP202302GM011-02-ext/PS30_4_2.fq.gz
PS30_5,/public/Bio/Bio_data/Armeniaca_Resequencing/JZP202302GM011-02-ext/PS30_5_1.fq.gz,/public/Bio/Bio_data/Armeniaca_Resequencing/JZP202302GM011-02-ext/PS30_5_2.fq.gz
PS31_1,/public/Bio/Bio_data/Armeniaca_Resequencing/JZP202302GM011-01/00raw/PS31_1_1.fq.gz,/public/Bio/Bio_data/Armeniaca_Resequencing/JZP202302GM011-01/00raw/PS31_1_2.fq.gz
PS31_2,/public/Bio/Bio_data/Armeniaca_Resequencing/JZP202302GM011-01/00raw/PS31_2_1.fq.gz,/public/Bio/Bio_data/Armeniaca_Resequencing/JZP202302GM011-01/00raw/PS31_2_2.fq.gz
PS31_3,/public/Bio/Bio_data/Armeniaca_Resequencing/JZP202302GM011-01/00raw/PS31_3_1.fq.gz,/public/Bio/Bio_data/Armeniaca_Resequencing/JZP202302GM011-01/00raw/PS31_3_2.fq.gz
PS31_4,/public/Bio/Bio_data/Armeniaca_Resequencing/JZP202302GM011-01/00raw/PS31_4_1.fq.gz,/public/Bio/Bio_data/Armeniaca_Resequencing/JZP202302GM011-01/00raw/PS31_4_2.fq.gz
PS31_5,/public/Bio/Bio_data/Armeniaca_Resequencing/JZP202302GM011-01/00raw/PS31_5_1.fq.gz,/public/Bio/Bio_data/Armeniaca_Resequencing/JZP202302GM011-01/00raw/PS31_5_2.fq.gz
PS31_6,/public/Bio/Bio_data/Armeniaca_Resequencing/JZP202302GM011-01/00raw/PS31_6_1.fq.gz,/public/Bio/Bio_data/Armeniaca_Resequencing/JZP202302GM011-01/00raw/PS31_6_2.fq.gz
PS31_7,/public/Bio/Bio_data/Armeniaca_Resequencing/JZP202302GM011-01/00raw/PS31_7_1.fq.gz,/public/Bio/Bio_data/Armeniaca_Resequencing/JZP202302GM011-01/00raw/PS31_7_2.fq.gz
PS31_8,/public/Bio/Bio_data/Armeniaca_Resequencing/JZP202302GM011-01/00raw/PS31_8_1.fq.gz,/public/Bio/Bio_data/Armeniaca_Resequencing/JZP202302GM011-01/00raw/PS31_8_2.fq.gz
PS31_9,/public/Bio/Bio_data/Armeniaca_Resequencing/JZP202302GM011-01/00raw/PS31_9_1.fq.gz,/public/Bio/Bio_data/Armeniaca_Resequencing/JZP202302GM011-01/00raw/PS31_9_2.fq.gz
PS31_10,/public/Bio/Bio_data/Armeniaca_Resequencing/JZP202302GM011-01/00raw/PS31_10_1.fq.gz,/public/Bio/Bio_data/Armeniaca_Resequencing/JZP202302GM011-01/00raw/PS31_10_2.fq.gz
PS31_11,/public/Bio/Bio_data/Armeniaca_Resequencing/JZP202302GM011-01/00raw/PS31_11_1.fq.gz,/public/Bio/Bio_data/Armeniaca_Resequencing/JZP202302GM011-01/00raw/PS31_11_2.fq.gz
PS31_12,/public/Bio/Bio_data/Armeniaca_Resequencing/JZP202302GM011-01/00raw/PS31_12_1.fq.gz,/public/Bio/Bio_data/Armeniaca_Resequencing/JZP202302GM011-01/00raw/PS31_12_2.fq.gz
PS31_13,/public/Bio/Bio_data/Armeniaca_Resequencing/JZP202302GM011-01/00raw/PS31_13_1.fq.gz,/public/Bio/Bio_data/Armeniaca_Resequencing/JZP202302GM011-01/00raw/PS31_13_2.fq.gz
PS31_14,/public/Bio/Bio_data/Armeniaca_Resequencing/JZP202302GM011-01/00raw/PS31_14_1.fq.gz,/public/Bio/Bio_data/Armeniaca_Resequencing/JZP202302GM011-01/00raw/PS31_14_2.fq.gz
PS32_1,/public/Bio/Bio_data/Armeniaca_Resequencing/JZP202302GM011-01/00raw/PS32_1_1.fq.gz,/public/Bio/Bio_data/Armeniaca_Resequencing/JZP202302GM011-01/00raw/PS32_1_2.fq.gz
PS32_2,/public/Bio/Bio_data/Armeniaca_Resequencing/JZP202302GM011-01/00raw/PS32_2_1.fq.gz,/public/Bio/Bio_data/Armeniaca_Resequencing/JZP202302GM011-01/00raw/PS32_2_2.fq.gz
PS32_3,/public/Bio/Bio_data/Armeniaca_Resequencing/JZP202302GM011-01/00raw/PS32_3_1.fq.gz,/public/Bio/Bio_data/Armeniaca_Resequencing/JZP202302GM011-01/00raw/PS32_3_2.fq.gz
PS32_4,/public/Bio/Bio_data/Armeniaca_Resequencing/JZP202302GM011-01/00raw/PS32_4_1.fq.gz,/public/Bio/Bio_data/Armeniaca_Resequencing/JZP202302GM011-01/00raw/PS32_4_2.fq.gz
PS32_5,/public/Bio/Bio_data/Armeniaca_Resequencing/JZP202302GM011-01/00raw/PS32_5_1.fq.gz,/public/Bio/Bio_data/Armeniaca_Resequencing/JZP202302GM011-01/00raw/PS32_5_2.fq.gz
PS33_1,/public/Bio/Bio_data/Armeniaca_Resequencing/JZP202302GM011-01/00raw/PS33_1_1.fq.gz,/public/Bio/Bio_data/Armeniaca_Resequencing/JZP202302GM011-01/00raw/PS33_1_2.fq.gz
PS33_2,/public/Bio/Bio_data/Armeniaca_Resequencing/JZP202302GM011-01/00raw/PS33_2_1.fq.gz,/public/Bio/Bio_data/Armeniaca_Resequencing/JZP202302GM011-01/00raw/PS33_2_2.fq.gz
PS33_3,/public/Bio/Bio_data/Armeniaca_Resequencing/JZP202302GM011-01/00raw/PS33_3_1.fq.gz,/public/Bio/Bio_data/Armeniaca_Resequencing/JZP202302GM011-01/00raw/PS33_3_2.fq.gz
PS33_4,/public/Bio/Bio_data/Armeniaca_Resequencing/JZP202302GM011-01/00raw/PS33_4_1.fq.gz,/public/Bio/Bio_data/Armeniaca_Resequencing/JZP202302GM011-01/00raw/PS33_4_2.fq.gz
PS33_5,/public/Bio/Bio_data/Armeniaca_Resequencing/JZP202302GM011-01/00raw/PS33_5_1.fq.gz,/public/Bio/Bio_data/Armeniaca_Resequencing/JZP202302GM011-01/00raw/PS33_5_2.fq.gz
PS33_6,/public/Bio/Bio_data/Armeniaca_Resequencing/JZP202302GM011-01/00raw/PS33_6_1.fq.gz,/public/Bio/Bio_data/Armeniaca_Resequencing/JZP202302GM011-01/00raw/PS33_6_2.fq.gz
PS33_7,/public/Bio/Bio_data/Armeniaca_Resequencing/JZP202302GM011-01/00raw/PS33_7_1.fq.gz,/public/Bio/Bio_data/Armeniaca_Resequencing/JZP202302GM011-01/00raw/PS33_7_2.fq.gz
PS33_8,/public/Bio/Bio_data/Armeniaca_Resequencing/JZP202302GM011-01/00raw/PS33_8_1.fq.gz,/public/Bio/Bio_data/Armeniaca_Resequencing/JZP202302GM011-01/00raw/PS33_8_2.fq.gz
PS33_9,/public/Bio/Bio_data/Armeniaca_Resequencing/JZP202302GM011-01/00raw/PS33_9_1.fq.gz,/public/Bio/Bio_data/Armeniaca_Resequencing/JZP202302GM011-01/00raw/PS33_9_2.fq.gz
PS33_10,/public/Bio/Bio_data/Armeniaca_Resequencing/JZP202302GM011-01/00raw/PS33_10_1.fq.gz,/public/Bio/Bio_data/Armeniaca_Resequencing/JZP202302GM011-01/00raw/PS33_10_2.fq.gz
PS33_11,/public/Bio/Bio_data/Armeniaca_Resequencing/JZP202302GM011-01/00raw/PS33_11_1.fq.gz,/public/Bio/Bio_data/Armeniaca_Resequencing/JZP202302GM011-01/00raw/PS33_11_2.fq.gz
PS33_12,/public/Bio/Bio_data/Armeniaca_Resequencing/JZP202302GM011-01/00raw/PS33_12_1.fq.gz,/public/Bio/Bio_data/Armeniaca_Resequencing/JZP202302GM011-01/00raw/PS33_12_2.fq.gz
PS34_1,/public/Bio/Bio_data/Armeniaca_Resequencing/JZP202302GM011-02-ext/PS34_1_1.fq.gz,/public/Bio/Bio_data/Armeniaca_Resequencing/JZP202302GM011-02-ext/PS34_1_2.fq.gz
